SubjectID,ProgressorOrControl,Progressor,VisitType,VisitDate,Sex,AgeAtLastBirthDay,PreviousDiagnosisOfTB,SchoolCode,timeToTB
10934,yes,no,D0,2006/07/11,female,13,no,A,999
10935,yes,no,D0,2006/07/11,female,13,no,A,999
10940,yes,no,D0,2006/07/18,female,13,no,A,999
10945,yes,no,D0,2006/07/18,male,14,no,A,999
10978,yes,no,D0,2006/07/18,female,16,no,A,999
10993,yes,yes,D0,2006/07/18,female,13,no,A,199
20185,yes,yes,D0,2007/03/19,male,15,no,B,268
30697,yes,no,D0,2006/07/03,male,15,no,C,999
30711,yes,no,D0,2006/07/10,male,17,no,C,999
30714,yes,no,D0,2006/07/10,male,17,no,C,999
40030,yes,yes,D180,2006/08/15,male,17,no,D,254
40152,yes,yes,D180,2006/09/05,female,16,no,D,409
40152,yes,yes,D360,2007/03/16,female,16,no,D,217
40238,yes,yes,D180,2006/09/29,female,13,no,D,278
40238,yes,yes,D360,2007/05/11,female,13,no,D,54
40333,yes,no,D180,2007/02/02,female,17,no,D,999
40333,yes,no,D360,2007/07/31,female,17,no,D,999
40333,yes,no,D540,2008/01/23,female,17,no,D,999
40695,yes,yes,D180,2007/01/16,male,14,no,D,429
40695,yes,yes,D360,2007/06/28,male,14,no,D,266
40695,yes,yes,D540,2008/01/10,male,14,no,D,70
40699,yes,no,D0,2006/07/12,female,14,no,D,999
40699,yes,no,D180,2007/01/16,female,14,no,D,999
40699,yes,no,D540,2008/01/08,female,14,no,D,999
40718,yes,yes,D0,2006/07/19,female,12,no,D,434
40718,yes,yes,D180,2007/01/26,female,12,no,D,243
40718,yes,yes,D360,2007/07/09,female,12,no,D,79
40741,yes,no,D180,2007/01/16,female,14,yes,D,999
40741,yes,no,D360,2007/07/10,female,14,yes,D,999
40741,yes,no,D540,2008/01/15,female,14,yes,D,999
40778,yes,no,D180,2007/01/16,female,14,yes,D,999
40778,yes,no,D360,2007/07/11,female,14,yes,D,999
40779,yes,yes,D0,2006/07/20,male,15,no,D,198
40811,yes,no,D0,2006/07/26,female,14,no,D,999
40811,yes,no,D180,2007/01/26,female,14,no,D,999
40811,yes,no,D360,2007/07/17,female,14,no,D,999
40811,yes,no,D540,2008/01/29,female,14,no,D,999
40843,yes,no,D0,2006/07/27,male,15,no,D,999
40843,yes,no,D360,2007/07/23,male,15,no,D,999
40843,yes,no,D540,2008/02/05,male,15,no,D,999
40859,yes,yes,D0,2006/08/03,female,16,no,D,308
40886,yes,no,D0,2006/08/08,female,13,no,D,999
40886,yes,no,D180,2007/02/09,female,13,no,D,999
40886,yes,no,D360,2007/07/27,female,13,no,D,999
40886,yes,no,D540,2008/01/24,female,13,no,D,999
40910,yes,yes,D360,2007/08/07,female,13,yes,D,433
40910,yes,yes,D540,2008/02/05,female,13,yes,D,251
40979,yes,no,D0,2006/08/22,female,15,no,D,999
40979,yes,no,D180,2007/02/23,female,15,no,D,999
40979,yes,no,D360,2007/08/21,female,15,no,D,999
40979,yes,no,D540,2008/02/15,female,15,no,D,999
41003,yes,no,D180,2007/03/02,female,15,yes,D,999
41003,yes,no,D360,2007/08/14,female,15,yes,D,999
41003,yes,no,D540,2008/02/12,female,15,yes,D,999
41020,yes,no,D0,2006/08/29,male,14,no,D,999
41020,yes,no,D180,2007/03/02,male,14,no,D,999
41020,yes,no,D360,2007/08/17,male,14,no,D,999
41020,yes,no,D540,2008/02/15,male,14,no,D,999
41033,yes,no,D180,2007/03/02,male,17,no,D,999
41033,yes,no,D360,2007/08/17,male,17,no,D,999
41033,yes,no,D540,2008/02/15,male,17,no,D,999
41037,yes,no,D0,2006/08/29,male,16,no,D,999
41037,yes,no,D180,2007/03/02,male,16,no,D,999
41037,yes,no,D360,2007/08/17,male,16,no,D,999
41037,yes,no,D540,2008/02/22,male,16,no,D,999
41056,yes,yes,D180,2007/03/06,female,15,no,D,205
41056,yes,yes,D360,2007/08/21,female,15,no,D,37
41058,yes,no,D0,2006/09/01,female,14,no,D,999
41058,yes,no,D180,2007/03/09,female,14,no,D,999
41058,yes,no,D360,2007/08/21,female,14,no,D,999
41058,yes,no,D540,2008/02/15,female,14,no,D,999
41067,yes,no,D180,2007/03/13,female,15,yes,D,999
41067,yes,no,D360,2007/08/23,female,15,yes,D,999
41067,yes,no,D540,2008/02/22,female,15,yes,D,999
41073,yes,no,D0,2006/09/05,female,16,no,D,999
41073,yes,no,D360,2007/09/04,female,16,no,D,999
41073,yes,no,D540,2008/02/25,female,16,no,D,999
41104,yes,no,D0,2006/09/12,male,17,no,D,999
41104,yes,no,D180,2007/03/13,male,17,no,D,999
41104,yes,no,D360,2007/09/14,male,17,no,D,999
41104,yes,no,D540,2008/02/29,male,17,no,D,999
41119,yes,no,D180,2007/03/13,female,14,no,D,999
41119,yes,no,D360,2007/09/04,female,14,no,D,999
41119,yes,no,D540,2008/03/04,female,14,no,D,999
41120,yes,no,D0,2006/09/15,female,14,yes,D,999
41120,yes,no,D180,2007/03/13,female,14,yes,D,999
41120,yes,no,D360,2007/09/04,female,14,yes,D,999
41120,yes,no,D540,2008/03/04,female,14,yes,D,999
41125,yes,no,D0,2006/09/15,female,13,no,D,999
41125,yes,no,D180,2007/03/13,female,13,no,D,999
41125,yes,no,D360,2007/09/04,female,13,no,D,999
41125,yes,no,D540,2008/03/04,female,13,no,D,999
41140,yes,no,D0,2006/09/15,male,15,no,D,999
41140,yes,no,D360,2007/09/04,male,15,no,D,999
41140,yes,no,D540,2008/03/04,male,15,no,D,999
41241,yes,yes,D0,2006/10/03,male,17,no,D,461
41241,yes,yes,D180,2007/05/11,male,17,no,D,241
60127,yes,yes,D0,2006/08/16,female,18,no,F,184
60127,yes,yes,D180,2007/02/15,female,18,no,F,1
60129,yes,no,D0,2006/08/16,female,18,no,F,999
60129,yes,no,D180,2007/04/04,female,18,no,F,999
60129,yes,no,D360,2007/08/29,female,18,no,F,999
60129,yes,no,D540,2008/02/08,female,18,no,F,999
60231,yes,no,D0,2006/08/30,female,18,no,F,999
60231,yes,no,D180,2007/02/28,female,18,no,F,999
60231,yes,no,D360,2007/09/07,female,18,no,F,999
60231,yes,no,D540,2008/02/20,female,18,no,F,999
70056,yes,no,D0,2006/08/11,female,18,no,E,999
70056,yes,no,D360,2007/07/31,female,18,no,E,999
70056,yes,no,D540,2008/02/06,female,18,no,E,999
70060,yes,yes,D0,2006/08/11,female,18,no,E,557
70060,yes,yes,D180,2007/02/06,female,18,no,E,378
70060,yes,yes,D360,2007/08/10,female,18,no,E,193
70074,yes,no,D180,2007/02/27,female,18,no,E,999
70074,yes,no,D360,2007/07/30,female,18,no,E,999
70074,yes,no,D540,2008/01/29,female,18,no,E,999
70080,yes,no,D180,2007/01/30,female,17,no,E,999
70080,yes,no,D360,2007/08/01,female,17,no,E,999
70119,yes,no,D180,2007/02/19,male,17,no,E,999
70119,yes,no,D360,2007/08/07,male,17,no,E,999
70119,yes,no,D540,2008/02/22,male,17,no,E,999
70135,yes,yes,D0,2006/08/24,male,18,no,E,91
70140,yes,no,D0,2006/08/24,female,16,no,E,999
70140,yes,no,D180,2007/02/26,female,16,no,E,999
70140,yes,no,D360,2007/08/13,female,16,no,E,999
70143,yes,no,D0,2006/08/24,female,17,no,E,999
70143,yes,no,D180,2007/03/28,female,17,no,E,999
70143,yes,no,D360,2007/08/13,female,17,no,E,999
70143,yes,no,D540,2008/03/11,female,17,no,E,999
70150,yes,yes,D0,2006/08/24,female,17,no,E,256
70157,yes,no,D0,2006/08/24,male,18,no,E,999
70157,yes,no,D180,2007/02/26,male,18,no,E,999
70157,yes,no,D360,2007/08/20,male,18,no,E,999
70157,yes,no,D540,2008/03/14,male,18,no,E,999
70167,yes,no,D0,2006/08/31,female,17,yes,E,999
70167,yes,no,D180,2007/02/26,female,17,yes,E,999
70167,yes,no,D360,2007/08/20,female,17,yes,E,999
70167,yes,no,D540,2008/02/19,female,17,yes,E,999
70177,yes,no,D0,2006/08/31,female,16,no,E,999
70177,yes,no,D180,2007/02/26,female,16,no,E,999
70177,yes,no,D360,2007/08/20,female,16,no,E,999
70177,yes,no,D540,2008/02/25,female,16,no,E,999
70180,yes,no,D0,2006/08/31,female,17,yes,E,999
70180,yes,no,D180,2007/02/26,female,17,yes,E,999
70180,yes,no,D360,2007/08/20,female,17,yes,E,999
70180,yes,no,D540,2008/02/18,female,17,yes,E,999
70200,yes,no,D0,2006/08/31,male,17,no,E,999
70200,yes,no,D360,2007/08/20,male,17,no,E,999
70200,yes,no,D540,2008/02/21,male,17,no,E,999
70202,yes,no,D180,2007/03/01,female,16,no,E,999
70202,yes,no,D360,2007/08/20,female,16,no,E,999
70202,yes,no,D540,2008/02/21,female,16,no,E,999
70203,yes,no,D0,2006/08/31,female,17,yes,E,999
70203,yes,no,D180,2007/03/01,female,17,yes,E,999
70203,yes,no,D360,2007/08/20,female,17,yes,E,999
70203,yes,no,D540,2008/02/18,female,17,yes,E,999
70208,yes,no,D0,2006/08/31,female,17,yes,E,999
70208,yes,no,D180,2007/03/01,female,17,yes,E,999
70208,yes,no,D360,2007/08/20,female,17,yes,E,999
70208,yes,no,D540,2008/03/04,female,17,yes,E,999
70214,yes,no,D0,2006/09/04,female,17,no,E,999
70214,yes,no,D180,2007/03/01,female,17,no,E,999
70214,yes,no,D360,2007/08/24,female,17,no,E,999
70214,yes,no,D540,2008/02/21,female,17,no,E,999
70218,yes,no,D0,2006/09/04,female,16,no,E,999
70218,yes,no,D360,2007/08/21,female,16,no,E,999
70218,yes,no,D540,2008/02/22,female,16,no,E,999
70229,yes,no,D180,2007/03/01,female,16,no,E,999
70229,yes,no,D360,2007/08/23,female,16,no,E,999
70229,yes,no,D540,2008/02/28,female,16,no,E,999
70236,yes,no,D180,2007/03/01,female,16,no,E,999
70236,yes,no,D360,2007/08/27,female,16,no,E,999
70236,yes,no,D540,2008/02/26,female,16,no,E,999
70240,yes,no,D0,2006/09/07,male,16,no,E,999
70240,yes,no,D180,2007/03/05,male,16,no,E,999
70240,yes,no,D360,2007/08/23,male,16,no,E,999
70240,yes,no,D540,2008/04/17,male,16,no,E,999
70257,yes,yes,D0,2006/09/07,female,16,no,E,258
70259,yes,yes,D0,2006/09/07,female,15,yes,E,554
70259,yes,yes,D180,2007/03/05,female,15,yes,E,375
70262,yes,yes,D0,2006/09/07,female,17,no,E,739
70262,yes,yes,D180,2007/03/05,female,17,no,E,560
70262,yes,yes,D360,2007/08/23,female,17,no,E,389
70262,yes,yes,D540,2008/02/28,female,17,no,E,200
70276,yes,no,D180,2007/03/08,male,17,no,E,999
70276,yes,no,D360,2007/09/13,male,17,no,E,999
70276,yes,no,D540,2008/03/17,male,17,no,E,999
70282,yes,no,D0,2006/09/11,male,17,no,E,999
70282,yes,no,D180,2007/03/08,male,17,no,E,999
70282,yes,no,D360,2007/08/27,male,17,no,E,999
70282,yes,no,D540,2008/03/03,male,17,no,E,999
70290,yes,no,D0,2006/09/11,female,16,no,E,999
70290,yes,no,D180,2007/03/08,female,16,no,E,999
70290,yes,no,D360,2007/08/27,female,16,no,E,999
70290,yes,no,D540,2008/03/10,female,16,no,E,999
70293,yes,no,D180,2007/03/05,female,16,no,E,999
70293,yes,no,D360,2007/08/27,female,16,no,E,999
70293,yes,no,D540,2008/03/03,female,16,no,E,999
70308,yes,no,D0,2006/09/11,female,15,no,E,999
70308,yes,no,D180,2007/03/08,female,15,no,E,999
70308,yes,no,D360,2007/08/27,female,15,no,E,999
70308,yes,no,D540,2008/02/28,female,15,no,E,999
70313,yes,no,D180,2007/03/05,female,16,no,E,999
70313,yes,no,D360,2007/08/27,female,16,no,E,999
70313,yes,no,D540,2008/02/28,female,16,no,E,999
70355,yes,no,D0,2006/09/14,male,17,no,E,999
70355,yes,no,D180,2007/03/12,male,17,no,E,999
70355,yes,no,D360,2007/08/30,male,17,no,E,999
70355,yes,no,D540,2008/03/06,male,17,no,E,999
70360,yes,no,D0,2006/09/14,female,15,no,E,999
70360,yes,no,D180,2007/03/12,female,15,no,E,999
70360,yes,no,D360,2007/08/30,female,15,no,E,999
70360,yes,no,D540,2008/03/06,female,15,no,E,999
70361,yes,no,D0,2006/09/14,male,15,no,E,999
70361,yes,no,D360,2007/08/30,male,15,no,E,999
70361,yes,no,D540,2008/03/06,male,15,no,E,999
70369,yes,no,D0,2006/09/14,male,15,no,E,999
70369,yes,no,D180,2007/03/12,male,15,no,E,999
70369,yes,no,D360,2007/08/30,male,15,no,E,999
70386,yes,yes,D0,2006/09/18,female,17,yes,E,894
70386,yes,yes,D360,2007/09/03,female,17,yes,E,544
70386,yes,yes,D540,2008/03/14,female,17,yes,E,351
70388,yes,no,D0,2006/09/18,male,17,no,E,999
70388,yes,no,D180,2007/05/07,male,17,no,E,999
70388,yes,no,D360,2007/09/10,male,17,no,E,999
70388,yes,no,D540,2008/03/18,male,17,no,E,999
70390,yes,yes,D0,2006/09/18,female,16,no,E,634
70390,yes,yes,D180,2007/03/15,female,16,no,E,456
70390,yes,yes,D360,2007/09/03,female,16,no,E,284
70391,yes,no,D180,2007/03/15,female,16,no,E,999
70391,yes,no,D360,2007/09/06,female,16,no,E,999
70391,yes,no,D540,2008/03/06,female,16,no,E,999
70392,yes,no,D180,2007/03/15,female,16,no,E,999
70392,yes,no,D360,2007/09/03,female,16,no,E,999
70392,yes,no,D540,2008/03/06,female,16,no,E,999
70407,yes,no,D0,2006/09/18,female,17,no,E,999
70407,yes,no,D180,2007/03/15,female,17,no,E,999
70407,yes,no,D360,2007/09/06,female,17,no,E,999
70407,yes,no,D540,2008/03/06,female,17,no,E,999
70414,yes,yes,D0,2006/09/18,female,16,no,E,389
70414,yes,yes,D180,2007/03/30,female,16,no,E,196
70424,yes,no,D180,2007/03/15,female,16,no,E,999
70424,yes,no,D360,2007/09/03,female,16,no,E,999
70424,yes,no,D540,2008/03/06,female,16,no,E,999
70425,yes,yes,D0,2006/09/18,female,16,no,E,284
70438,yes,no,D0,2006/09/18,male,18,no,E,999
70438,yes,no,D180,2007/03/19,male,18,no,E,999
70438,yes,no,D360,2007/09/03,male,18,no,E,999
70438,yes,no,D540,2008/03/10,male,18,no,E,999
70440,yes,no,D180,2007/03/19,female,16,no,E,999
70440,yes,no,D360,2007/09/06,female,16,no,E,999
70440,yes,no,D540,2008/03/06,female,16,no,E,999
70561,yes,yes,D0,2006/10/05,female,15,yes,E,211
70630,yes,yes,D0,2006/10/11,female,16,no,E,728
70630,yes,yes,D180,2007/04/18,female,16,no,E,539
70630,yes,yes,D360,2007/10/01,female,16,no,E,373
70630,yes,yes,D540,2008/04/03,female,16,no,E,188
70663,yes,yes,D0,2006/10/11,male,15,no,E,600
70663,yes,yes,D180,2007/04/18,male,15,no,E,411
70663,yes,yes,D360,2007/10/19,male,15,no,E,227
70692,yes,yes,D0,2006/10/12,female,14,no,E,461
70692,yes,yes,D180,2007/04/18,female,14,no,E,273
71003,yes,yes,D0,2006/10/31,female,17,no,E,633
71003,yes,yes,D180,2007/05/07,female,17,no,E,445
71003,yes,yes,D360,2007/10/24,female,17,no,E,275
71003,yes,yes,D540,2008/05/08,female,17,no,E,78
71112,yes,no,D0,2006/11/14,female,14,no,E,999
71112,yes,no,D180,2007/05/14,female,14,no,E,999
71112,yes,no,D360,2007/10/31,female,14,no,E,999
71112,yes,no,D540,2008/05/19,female,14,no,E,999
71115,yes,no,D0,2006/11/14,female,13,no,E,999
71115,yes,no,D180,2007/05/14,female,13,no,E,999
71115,yes,no,D360,2007/10/31,female,13,no,E,999
71115,yes,no,D540,2008/05/19,female,13,no,E,999
71132,yes,no,D0,2006/11/23,female,13,yes,E,999
71132,yes,no,D180,2007/05/10,female,13,yes,E,999
71132,yes,no,D360,2007/11/27,female,13,yes,E,999
71132,yes,no,D540,2008/05/19,female,13,yes,E,999
71135,yes,no,D0,2006/11/23,female,14,no,E,999
71135,yes,no,D180,2007/05/14,female,14,no,E,999
71135,yes,no,D360,2007/11/09,female,14,no,E,999
71135,yes,no,D540,2008/05/19,female,14,no,E,999
71147,yes,no,D0,2006/11/23,female,13,no,E,999
71147,yes,no,D180,2007/05/14,female,13,no,E,999
71147,yes,no,D360,2007/11/09,female,13,no,E,999
71147,yes,no,D540,2008/05/22,female,13,no,E,999
71153,yes,yes,D0,2006/12/07,female,14,no,E,739
71153,yes,yes,D180,2007/05/21,female,14,no,E,574
71153,yes,yes,D360,2007/11/23,female,14,no,E,388
71153,yes,yes,D540,2008/05/26,female,14,no,E,203
71158,yes,no,D180,2007/05/21,female,16,no,E,999
71158,yes,no,D360,2007/11/23,female,16,no,E,999
71158,yes,no,D540,2008/05/26,female,16,no,E,999
90226,yes,no,D0,2006/11/08,female,13,no,H,999
90272,yes,no,D0,2006/11/08,male,14,no,H,999
90278,yes,yes,D0,2006/11/10,male,15,no,H,563
90296,yes,no,D0,2006/11/10,male,15,no,H,999
90314,yes,yes,D0,2006/11/10,female,16,no,H,385
90345,yes,no,D0,2006/11/10,male,15,no,H,999
90350,yes,no,D0,2006/11/10,female,15,yes,H,999
90377,yes,no,D0,2006/11/13,male,16,no,H,999
90397,yes,no,D0,2006/11/13,male,15,no,H,999
90398,yes,no,D0,2006/11/13,male,15,no,H,999
90402,yes,no,D0,2006/11/13,female,16,no,H,999
90406,yes,no,D0,2006/11/13,male,15,no,H,999
90453,yes,yes,D0,2006/11/15,female,14,no,H,210
90460,yes,no,D0,2006/11/15,female,14,no,H,999
90462,yes,no,D0,2006/11/15,male,16,no,H,999
90474,yes,no,D0,2006/11/17,female,15,yes,H,999
90489,yes,no,D0,2006/11/17,female,15,yes,H,999
90507,yes,yes,D0,2006/11/20,male,16,no,H,457
90520,yes,no,D0,2006/11/20,male,16,no,H,999
90529,yes,no,D0,2006/11/20,female,18,yes,H,999
90532,yes,no,D0,2006/11/20,female,17,no,H,999
90569,yes,yes,D0,2006/11/22,female,18,yes,H,698
90578,yes,no,D0,2006/11/24,female,17,no,H,999
90581,yes,no,D0,2006/11/24,male,17,no,H,999
90587,yes,no,D0,2006/11/24,male,16,no,H,999
90590,yes,no,D0,2006/11/24,male,18,no,H,999
90624,yes,yes,D0,2006/11/29,female,17,no,H,733
90625,yes,no,D0,2006/11/29,female,17,no,H,999
90628,yes,no,D0,2006/11/29,male,17,no,H,999
90636,yes,no,D0,2006/12/01,female,15,yes,H,999
90647,yes,no,D0,2006/12/05,female,16,no,H,999
90652,yes,no,D0,2006/12/05,female,18,yes,H,999
90712,yes,no,D0,2007/02/20,female,17,no,H,999
90721,yes,no,D0,2007/02/20,male,17,no,H,999
90745,yes,no,D0,2007/02/27,female,14,no,H,999
90789,yes,yes,D0,2007/03/06,female,17,no,H,280
90796,yes,no,D0,2007/03/06,male,15,no,H,999
90818,yes,no,D0,2007/03/06,male,15,no,H,999